{"cameraMode":{"drawMode":0,"name":"Shaded","section":"Shading Mode"},"sceneLighting":false,"audioPlay":false,"sceneViewState":{"m_AlwaysRefresh":false,"showFog":true,"showSkybox":true,"showFlares":true,"showImageEffects":true,"showParticleSystems":true,"showVisualEffectGraphs":true,"m_FxEnabled":true},"in2DMode":false,"pivot":{"x":-6.477097511291504,"y":6.62495231628418,"z":5.331995964050293},"rotation":{"x":-0.003398989560082555,"y":-0.4955013692378998,"z":0.0019311333307996393,"w":-0.8686227202415466},"size":0.5868241190910339,"orthographic":false}