{"cameraMode":{"drawMode":0,"name":"Shaded","section":"Shading Mode"},"sceneLighting":false,"audioPlay":false,"sceneViewState":{"m_AlwaysRefresh":false,"showFog":true,"showSkybox":true,"showFlares":true,"showImageEffects":true,"showParticleSystems":true,"showVisualEffectGraphs":true,"m_FxEnabled":true},"in2DMode":false,"pivot":{"x":-2.5721538066864015,"y":0.055960655212402347,"z":-4.415290832519531},"rotation":{"x":-0.1171206533908844,"y":-0.8631651997566223,"z":0.43175700306892397,"w":-0.23414970934391023},"size":20.848901748657228,"orthographic":false}